,Title,Director,Metascore
0,Guardians of the Galaxy,James Gunn,76.0
1,Prometheus,Ridley Scott,65.0
2,Split,M. Night Shyamalan,62.0
3,Sing,Christophe Lourdelet,59.0
4,Suicide Squad,David Ayer,40.0
5,The Great Wall,Yimou Zhang,42.0
6,La La Land,Damien Chazelle,93.0
7,Mindhorn,Sean Foley,71.0
8,The Lost City of Z,James Gray,78.0
9,Passengers,Morten Tyldum,41.0
10,Fantastic Beasts and Where to Find Them,David Yates,66.0
11,Hidden Figures,Theodore Melfi,74.0
12,Rogue One,Gareth Edwards,65.0
13,Moana,Ron Clements,81.0
14,Colossal,Nacho Vigalondo,70.0
15,The Secret Life of Pets,Chris Renaud,61.0
16,Hacksaw Ridge,Mel Gibson,71.0
17,Jason Bourne,Paul Greengrass,58.0
18,Lion,Garth Davis,69.0
19,Arrival,Denis Villeneuve,81.0
20,Gold,Stephen Gaghan,49.0
21,Manchester by the Sea,Kenneth Lonergan,96.0
22,Hounds of Love,Ben Young,72.0
23,Trolls,Walt Dohrn,56.0
24,Independence Day: Resurgence,Roland Emmerich,32.0
25,Paris pieds nus,Dominique Abel,
26,Bahubali: The Beginning,S.S. Rajamouli,
27,Dead Awake,Phillip Guzman,
28,Bad Moms,Jon Lucas,60.0
29,Assassin's Creed,Justin Kurzel,36.0
30,Why Him?,John Hamburg,39.0
31,Nocturnal Animals,Tom Ford,67.0
32,X-Men: Apocalypse,Bryan Singer,52.0
33,Deadpool,Tim Miller,65.0
34,Resident Evil: The Final Chapter,Paul W.S. Anderson,49.0
35,Captain America: Civil War,Anthony Russo,75.0
36,Interstellar,Christopher Nolan,74.0
37,Doctor Strange,Scott Derrickson,72.0
38,The Magnificent Seven,Antoine Fuqua,54.0
39,5- 25- 77,Patrick Read Johnson,
40,Sausage Party,Greg Tiernan,66.0
41,Moonlight,Barry Jenkins,99.0
42,Don't Fuck in the Woods,Shawn Burkett,
43,The Founder,John Lee Hancock,66.0
44,Lowriders,Ricardo de Montreuil,57.0
45,Pirates of the Caribbean: On Stranger Tides,Rob Marshall,45.0
46,Miss Sloane,John Madden,64.0
47,Fallen,Scott Hicks,
48,Star Trek Beyond,Justin Lin,68.0
49,The Last Face,Sean Penn,16.0
50,Star Wars: Episode VII - The Force Awakens,J.J. Abrams,81.0
51,Underworld: Blood Wars,Anna Foerster,23.0
52,Mother's Day,Garry Marshall,18.0
53,John Wick,Chad Stahelski,68.0
54,The Dark Knight,Christopher Nolan,82.0
55,Silence,Martin Scorsese,79.0
56,Don't Breathe,Fede Alvarez,71.0
57,Me Before You,Thea Sharrock,51.0
58,Their Finest,Lone Scherfig,76.0
59,Sully,Clint Eastwood,74.0
60,Batman v Superman: Dawn of Justice,Zack Snyder,44.0
61,The Autopsy of Jane Doe,André Øvredal,65.0
62,The Girl on the Train,Tate Taylor,48.0
63,Fifty Shades of Grey,Sam Taylor-Johnson,46.0
64,The Prestige,Christopher Nolan,66.0
65,Kingsman: The Secret Service,Matthew Vaughn,58.0
66,Patriots Day,Peter Berg,69.0
67,Mad Max: Fury Road,George Miller,90.0
68,Wakefield,Robin Swicord,61.0
69,Deepwater Horizon,Peter Berg,68.0
70,The Promise,Terry George,49.0
71,Allied,Robert Zemeckis,60.0
72,A Monster Calls,J.A. Bayona,76.0
73,Collateral Beauty,David Frankel,23.0
74,Zootopia,Byron Howard,78.0
75,Pirates of the Caribbean: At World's End,Gore Verbinski,50.0
76,The Avengers,Joss Whedon,69.0
77,Inglourious Basterds,Quentin Tarantino,69.0
78,Pirates of the Caribbean: Dead Man's Chest,Gore Verbinski,53.0
79,Ghostbusters,Paul Feig,60.0
80,Inception,Christopher Nolan,74.0
81,Captain Fantastic,Matt Ross,72.0
82,The Wolf of Wall Street,Martin Scorsese,75.0
83,Gone Girl,David Fincher,79.0
84,Furious Seven,James Wan,67.0
85,Jurassic World,Colin Trevorrow,59.0
86,Live by Night,Ben Affleck,49.0
87,Avatar,James Cameron,83.0
88,The Hateful Eight,Quentin Tarantino,68.0
89,The Accountant,Gavin O'Connor,51.0
90,Prisoners,Denis Villeneuve,74.0
91,Warcraft,Duncan Jones,32.0
92,The Help,Tate Taylor,62.0
93,War Dogs,Todd Phillips,57.0
94,Avengers: Age of Ultron,Joss Whedon,66.0
95,The Nice Guys,Shane Black,70.0
96,Kimi no na wa,Makoto Shinkai,79.0
97,The Void,Jeremy Gillespie,62.0
98,Personal Shopper,Olivier Assayas,77.0
99,The Departed,Martin Scorsese,85.0
100,Legend,Brian Helgeland,55.0
101,Thor,Kenneth Branagh,57.0
102,The Martian,Ridley Scott,80.0
103,Contratiempo,Oriol Paulo,
104,The Man from U.N.C.L.E.,Guy Ritchie,56.0
105,Hell or High Water,David Mackenzie,88.0
106,The Comedian,Taylor Hackford,40.0
107,The Legend of Tarzan,David Yates,44.0
108,All We Had,Katie Holmes,48.0
109,Ex Machina,Alex Garland,78.0
110,The Belko Experiment,Greg McLean,44.0
111,12 Years a Slave,Steve McQueen,96.0
112,The Bad Batch,Ana Lily Amirpour,65.0
113,300,Zack Snyder,52.0
114,Harry Potter and the Deathly Hallows: Part 2,David Yates,87.0
115,Office Christmas Party,Josh Gordon,42.0
116,The Neon Demon,Nicolas Winding Refn,51.0
117,Dangal,Nitesh Tiwari,
118,10 Cloverfield Lane,Dan Trachtenberg,76.0
119,Finding Dory,Andrew Stanton,77.0
120,Miss Peregrine's Home for Peculiar Children,Tim Burton,57.0
121,Divergent,Neil Burger,48.0
122,Mike and Dave Need Wedding Dates,Jake Szymanski,51.0
123,Boyka: Undisputed IV,Todor Chapkanov,
124,The Dark Knight Rises,Christopher Nolan,78.0
125,The Jungle Book,Jon Favreau,77.0
126,Transformers: Age of Extinction,Michael Bay,32.0
127,Nerve,Henry Joost,58.0
128,Mamma Mia!,Phyllida Lloyd,51.0
129,The Revenant,Alejandro González Iñárritu,76.0
130,Fences,Denzel Washington,79.0
131,Into the Woods,Rob Marshall,69.0
132,The Shallows,Jaume Collet-Serra,59.0
133,Whiplash,Damien Chazelle,88.0
134,Furious 6,Justin Lin,61.0
135,The Place Beyond the Pines,Derek Cianfrance,68.0
136,No Country for Old Men,Ethan Coen,91.0
137,The Great Gatsby,Baz Luhrmann,55.0
138,Shutter Island,Martin Scorsese,63.0
139,Brimstone,Martin Koolhoven,44.0
140,Star Trek,J.J. Abrams,82.0
141,Diary of a Wimpy Kid,Thor Freudenthal,56.0
142,The Big Short,Adam McKay,81.0
143,Room,Lenny Abrahamson,86.0
144,Django Unchained,Quentin Tarantino,81.0
145,Ah-ga-ssi,Chan-wook Park,84.0
146,The Edge of Seventeen,Kelly Fremon Craig,77.0
147,Watchmen,Zack Snyder,56.0
148,Superbad,Greg Mottola,76.0
149,Inferno,Ron Howard,42.0
150,The BFG,Steven Spielberg,66.0
151,The Hunger Games,Gary Ross,68.0
152,White Girl,Elizabeth Wood,65.0
153,Sicario,Denis Villeneuve,82.0
154,Twin Peaks: The Missing Pieces,David Lynch,
155,Aliens vs Predator - Requiem,Colin Strause,29.0
156,Pacific Rim,Guillermo del Toro,64.0
157,"Crazy, Stupid, Love.",Glenn Ficarra,68.0
158,Scott Pilgrim vs. the World,Edgar Wright,69.0
159,Hot Fuzz,Edgar Wright,81.0
160,Mine,Fabio Guaglione,40.0
161,Free Fire,Ben Wheatley,63.0
162,X-Men: Days of Future Past,Bryan Singer,74.0
163,Jack Reacher: Never Go Back,Edward Zwick,47.0
164,Casino Royale,Martin Campbell,80.0
165,Twilight,Catherine Hardwicke,56.0
166,Now You See Me 2,Jon M. Chu,46.0
167,Woman in Gold,Simon Curtis,51.0
168,13 Hours,Michael Bay,48.0
169,Spectre,Sam Mendes,60.0
170,Nightcrawler,Dan Gilroy,76.0
171,Kubo and the Two Strings,Travis Knight,84.0
172,Beyond the Gates,Jackson Stewart,59.0
173,Her,Spike Jonze,90.0
174,Frozen,Chris Buck,74.0
175,Tomorrowland,Brad Bird,60.0
176,Dawn of the Planet of the Apes,Matt Reeves,79.0
177,Tropic Thunder,Ben Stiller,71.0
178,The Conjuring 2,James Wan,65.0
179,Ant-Man,Peyton Reed,64.0
180,Bridget Jones's Baby,Sharon Maguire,59.0
181,The VVitch: A New-England Folktale,Robert Eggers,83.0
182,Cinderella,Kenneth Branagh,67.0
183,Realive,Mateo Gil,
184,Forushande,Asghar Farhadi,85.0
185,Love,Gaspar Noé,51.0
186,Billy Lynn's Long Halftime Walk,Ang Lee,53.0
187,Crimson Peak,Guillermo del Toro,66.0
188,Drive,Nicolas Winding Refn,78.0
189,Trainwreck,Judd Apatow,75.0
190,The Light Between Oceans,Derek Cianfrance,60.0
191,Below Her Mouth,April Mullen,42.0
192,Spotlight,Tom McCarthy,93.0
193,Morgan,Luke Scott,48.0
194,Warrior,Gavin O'Connor,71.0
195,Captain America: The First Avenger,Joe Johnston,66.0
196,Hacker,Akan Satayev,
197,Into the Wild,Sean Penn,73.0
198,The Imitation Game,Morten Tyldum,73.0
199,Central Intelligence,Rawson Marshall Thurber,52.0
200,Edge of Tomorrow,Doug Liman,71.0
201,A Cure for Wellness,Gore Verbinski,47.0
202,Snowden,Oliver Stone,58.0
203,Iron Man,Jon Favreau,79.0
204,Allegiant,Robert Schwentke,33.0
205,X: First Class,Matthew Vaughn,65.0
206,Raw (II),Julia Ducournau,81.0
207,Paterson,Jim Jarmusch,90.0
208,Bridesmaids,Paul Feig,75.0
209,The Girl with All the Gifts,Colm McCarthy,67.0
210,San Andreas,Brad Peyton,43.0
211,Spring Breakers,Harmony Korine,63.0
212,Transformers,Michael Bay,61.0
213,Old Boy,Spike Lee,49.0
214,Thor: The Dark World,Alan Taylor,54.0
215,Gods of Egypt,Alex Proyas,25.0
216,Captain America: The Winter Soldier,Anthony Russo,70.0
217,Monster Trucks,Chris Wedge,41.0
218,A Dark Song,Liam Gavin,67.0
219,Kick-Ass,Matthew Vaughn,66.0
220,Hardcore Henry,Ilya Naishuller,51.0
221,Cars,John Lasseter,73.0
222,It Follows,David Robert Mitchell,83.0
223,The Girl with the Dragon Tattoo,David Fincher,71.0
224,We're the Millers,Rawson Marshall Thurber,44.0
225,American Honey,Andrea Arnold,79.0
226,The Lobster,Yorgos Lanthimos,82.0
227,Predators,Nimród Antal,51.0
228,Maleficent,Robert Stromberg,56.0
229,Rupture,Steven Shainberg,35.0
230,Pan's Labyrinth,Guillermo del Toro,98.0
231,A Kind of Murder,Andy Goddard,50.0
232,Apocalypto,Mel Gibson,68.0
233,Mission: Impossible - Rogue Nation,Christopher McQuarrie,75.0
234,The Huntsman: Winter's War,Cedric Nicolas-Troyan,35.0
235,The Perks of Being a Wallflower,Stephen Chbosky,67.0
236,Jackie,Pablo Larraín,81.0
237,The Disappointments Room,D.J. Caruso,31.0
238,The Grand Budapest Hotel,Wes Anderson,88.0
239,The Host,Andrew Niccol,35.0
240,Fury,David Ayer,64.0
241,Inside Out,Pete Docter,94.0
242,Rock Dog,Ash Brannon,48.0
243,Terminator Genisys,Alan Taylor,38.0
244,Percy Jackson & the Olympians: The Lightning Thief,Chris Columbus,47.0
245,Les Misérables,Tom Hooper,63.0
246,Children of Men,Alfonso Cuarón,84.0
247,20th Century Women,Mike Mills,83.0
248,Spy,Paul Feig,75.0
249,The Intouchables,Olivier Nakache,57.0
250,Bonjour Anne,Eleanor Coppola,50.0
251,Kynodontas,Yorgos Lanthimos,73.0
252,Straight Outta Compton,F. Gary Gray,72.0
253,The Amazing Spider-Man 2,Marc Webb,53.0
254,The Conjuring,James Wan,68.0
255,The Hangover,Todd Phillips,73.0
256,Battleship,Peter Berg,41.0
257,Rise of the Planet of the Apes,Rupert Wyatt,68.0
258,Lights Out,David F. Sandberg,58.0
259,Norman: The Moderate Rise and Tragic Fall of a New York Fixer,Joseph Cedar,76.0
260,Birdman or (The Unexpected Virtue of Ignorance),Alejandro González Iñárritu,88.0
261,Black Swan,Darren Aronofsky,79.0
262,Dear White People,Justin Simien,79.0
263,Nymphomaniac: Vol. I,Lars von Trier,64.0
264,Teenage Mutant Ninja Turtles: Out of the Shadows,Dave Green,40.0
265,Knock Knock,Eli Roth,53.0
266,Dirty Grandpa,Dan Mazer,18.0
267,Cloud Atlas,Tom Tykwer,55.0
268,X-Men Origins: Wolverine,Gavin Hood,40.0
269,Satanic,Jeffrey G. Hunt,
270,Skyfall,Sam Mendes,81.0
271,The Hobbit: An Unexpected Journey,Peter Jackson,58.0
272,21 Jump Street,Phil Lord,69.0
273,Sing Street,John Carney,79.0
274,Ballerina,Eric Summer,
275,Oblivion,Joseph Kosinski,54.0
276,22 Jump Street,Phil Lord,71.0
277,Zodiac,David Fincher,78.0
278,Everybody Wants Some!!,Richard Linklater,83.0
279,Iron Man Three,Shane Black,62.0
280,Now You See Me,Louis Leterrier,50.0
281,Sherlock Holmes,Guy Ritchie,57.0
282,Death Proof,Quentin Tarantino,
283,The Danish Girl,Tom Hooper,66.0
284,Hercules,Brett Ratner,47.0
285,Sucker Punch,Zack Snyder,33.0
286,Keeping Up with the Joneses,Greg Mottola,34.0
287,Jupiter Ascending,Lana Wachowski,40.0
288,Masterminds,Jared Hess,47.0
289,Iris,Jalil Lespert,
290,Busanhaeng,Sang-ho Yeon,72.0
291,Pitch Perfect,Jason Moore,66.0
292,Neighbors 2: Sorority Rising,Nicholas Stoller,58.0
293,The Exception,David Leveaux,
294,Man of Steel,Zack Snyder,55.0
295,The Choice,Ross Katz,26.0
296,Ice Age: Collision Course,Mike Thurmeier,34.0
297,The Devil Wears Prada,David Frankel,62.0
298,The Infiltrator,Brad Furman,66.0
299,There Will Be Blood,Paul Thomas Anderson,92.0
300,The Equalizer,Antoine Fuqua,57.0
301,Lone Survivor,Peter Berg,60.0
302,The Cabin in the Woods,Drew Goddard,72.0
303,The House Bunny,Fred Wolf,55.0
304,She's Out of My League,Jim Field Smith,46.0
305,Inherent Vice,Paul Thomas Anderson,81.0
306,Alice Through the Looking Glass,James Bobin,34.0
307,Vincent N Roxxy,Gary Michael Schultz,
308,The Fast and the Furious: Tokyo Drift,Justin Lin,45.0
309,How to Be Single,Christian Ditter,51.0
310,The Blind Side,John Lee Hancock,53.0
311,La vie d'Adèle,Abdellatif Kechiche,88.0
312,The Babadook,Jennifer Kent,86.0
313,The Hobbit: The Battle of the Five Armies,Peter Jackson,59.0
314,Harry Potter and the Order of the Phoenix,David Yates,71.0
315,Snowpiercer,Bong Joon Ho,84.0
316,The 5th Wave,J Blakeson,33.0
317,The Stakelander,Dan Berk,
318,The Visit,M. Night Shyamalan,55.0
319,Fast Five,Justin Lin,66.0
320,Step Up,Anne Fletcher,48.0
321,Lovesong,So Yong Kim,74.0
322,RocknRolla,Guy Ritchie,53.0
323,In Time,Andrew Niccol,53.0
324,The Social Network,David Fincher,95.0
325,The Last Witch Hunter,Breck Eisner,34.0
326,Victor Frankenstein,Paul McGuigan,36.0
327,A Street Cat Named Bob,Roger Spottiswoode,54.0
328,Green Room,Jeremy Saulnier,79.0
329,Blackhat,Michael Mann,51.0
330,Storks,Nicholas Stoller,56.0
331,American Sniper,Clint Eastwood,72.0
332,Dallas Buyers Club,Jean-Marc Vallée,84.0
333,Lincoln,Steven Spielberg,86.0
334,Rush,Ron Howard,75.0
335,Before I Wake,Mike Flanagan,
336,Silver Linings Playbook,David O. Russell,81.0
337,Tracktown,Alexi Pappas,64.0
338,The Fault in Our Stars,Josh Boone,69.0
339,Blended,Frank Coraci,31.0
340,Fast & Furious,Justin Lin,46.0
341,Looper,Rian Johnson,84.0
342,White House Down,Roland Emmerich,52.0
343,Pete's Dragon,David Lowery,71.0
344,Spider-Man 3,Sam Raimi,59.0
345,The Three Musketeers,Paul W.S. Anderson,35.0
346,Stardust,Matthew Vaughn,66.0
347,American Hustle,David O. Russell,90.0
348,Jennifer's Body,Karyn Kusama,47.0
349,Midnight in Paris,Woody Allen,81.0
350,Lady Macbeth,William Oldroyd,83.0
351,Joy,David O. Russell,56.0
352,The Dressmaker,Jocelyn Moorhouse,47.0
353,Café Society,Woody Allen,64.0
354,Insurgent,Robert Schwentke,42.0
355,Seventh Son,Sergei Bodrov,30.0
356,Demain tout commence,Hugo Gélin,
357,The Theory of Everything,James Marsh,72.0
358,This Is the End,Evan Goldberg,67.0
359,About Time,Richard Curtis,55.0
360,Step Brothers,Adam McKay,51.0
361,Clown,Jon Watts,42.0
362,Star Trek Into Darkness,J.J. Abrams,72.0
363,Zombieland,Ruben Fleischer,73.0
364,"Hail, Caesar!",Ethan Coen,72.0
365,Slumdog Millionaire,Danny Boyle,86.0
366,The Twilight Saga: Breaking Dawn - Part 2,Bill Condon,52.0
367,American Wrestler: The Wizard,Alex Ranarivelo,
368,The Amazing Spider-Man,Marc Webb,66.0
369,Ben-Hur,Timur Bekmambetov,38.0
370,Sleight,J.D. Dillard,62.0
371,The Maze Runner,Wes Ball,57.0
372,Criminal,Ariel Vromen,36.0
373,Wanted,Timur Bekmambetov,64.0
374,Florence Foster Jenkins,Stephen Frears,71.0
375,Collide,Eran Creevy,33.0
376,Black Mass,Scott Cooper,68.0
377,Creed,Ryan Coogler,82.0
378,Swiss Army Man,Dan Kwan,64.0
379,The Expendables 3,Patrick Hughes,35.0
380,What We Do in the Shadows,Jemaine Clement,76.0
381,Southpaw,Antoine Fuqua,57.0
382,Hush,Mike Flanagan,67.0
383,Bridge of Spies,Steven Spielberg,81.0
384,The Lego Movie,Phil Lord,83.0
385,Everest,Baltasar Kormákur,64.0
386,Pixels,Chris Columbus,27.0
387,Robin Hood,Ridley Scott,53.0
388,The Wolverine,James Mangold,60.0
389,John Carter,Andrew Stanton,51.0
390,Keanu,Peter Atencio,63.0
391,The Gunman,Pierre Morel,39.0
392,Steve Jobs,Danny Boyle,82.0
393,Whisky Galore,Gillies MacKinnon,43.0
394,Grown Ups 2,Dennis Dugan,19.0
395,The Age of Adaline,Lee Toland Krieger,51.0
396,The Incredible Hulk,Louis Leterrier,61.0
397,Couples Retreat,Peter Billingsley,23.0
398,Absolutely Anything,Terry Jones,31.0
399,Magic Mike,Steven Soderbergh,72.0
400,Minions,Kyle Balda,56.0
401,The Black Room,Rolfe Kanefsky,71.0
402,Bronson,Nicolas Winding Refn,
403,Despicable Me,Pierre Coffin,72.0
404,The Best of Me,Michael Hoffman,29.0
405,The Invitation,Karyn Kusama,74.0
406,Zero Dark Thirty,Kathryn Bigelow,95.0
407,Tangled,Nathan Greno,71.0
408,The Hunger Games: Mockingjay - Part 2,Francis Lawrence,65.0
409,Vacation,John Francis Daley,34.0
410,Taken,Pierre Morel,50.0
411,Pitch Perfect 2,Elizabeth Banks,63.0
412,Monsters University,Dan Scanlon,65.0
413,Elle,Paul Verhoeven,89.0
414,Mechanic: Resurrection,Dennis Gansel,38.0
415,Tusk,Kevin Smith,55.0
416,The Headhunter's Calling,Mark Williams,85.0
417,Atonement,Joe Wright,
418,Harry Potter and the Deathly Hallows: Part 1,David Yates,65.0
419,Shame,Steve McQueen,72.0
420,Hanna,Joe Wright,65.0
421,The Babysitters,David Ross,35.0
422,Pride and Prejudice and Zombies,Burr Steers,45.0
423,300: Rise of an Empire,Noam Murro,48.0
424,London Has Fallen,Babak Najafi,28.0
425,The Curious Case of Benjamin Button,David Fincher,70.0
426,Sin City: A Dame to Kill For,Frank Miller,46.0
427,The Bourne Ultimatum,Paul Greengrass,85.0
428,Srpski film,Srdjan Spasojevic,55.0
429,The Purge: Election Year,James DeMonaco,
430,3 Idiots,Rajkumar Hirani,67.0
431,Zoolander 2,Ben Stiller,34.0
432,World War Z,Marc Forster,63.0
433,Mission: Impossible - Ghost Protocol,Brad Bird,73.0
434,Let Me Make You a Martyr,Corey Asraf,56.0
435,Filth,Jon S. Baird,
436,The Longest Ride,George Tillman Jr.,33.0
437,The imposible,J.A. Bayona,73.0
438,Kick-Ass 2,Jeff Wadlow,41.0
439,Folk Hero & Funny Guy,Jeff Grace,63.0
440,Oz the Great and Powerful,Sam Raimi,44.0
441,Brooklyn,John Crowley,87.0
442,Coraline,Henry Selick,80.0
443,Blue Valentine,Derek Cianfrance,81.0
444,The Thinning,Michael J. Gallagher,31.0
445,Silent Hill,Christophe Gans,
446,Dredd,Pete Travis,59.0
447,Hunt for the Wilderpeople,Taika Waititi,81.0
448,Big Hero 6,Don Hall,74.0
449,Carrie,Kimberly Peirce,53.0
450,Iron Man 2,Jon Favreau,57.0
451,Demolition,Jean-Marc Vallée,49.0
452,Pandorum,Christian Alvart,28.0
453,Olympus Has Fallen,Antoine Fuqua,41.0
454,I Am Number Four,D.J. Caruso,36.0
455,Jagten,Thomas Vinterberg,76.0
456,The Proposal,Anne Fletcher,48.0
457,Get Hard,Etan Cohen,34.0
458,Just Go with It,Dennis Dugan,33.0
459,Revolutionary Road,Sam Mendes,69.0
460,The Town,Ben Affleck,74.0
461,The Boy,William Brent Bell,42.0
462,Denial,Mick Jackson,63.0
463,Predestination,Michael Spierig,69.0
464,Goosebumps,Rob Letterman,60.0
465,Sherlock Holmes: A Game of Shadows,Guy Ritchie,48.0
466,Salt,Phillip Noyce,65.0
467,Enemy,Denis Villeneuve,61.0
468,District 9,Neill Blomkamp,81.0
469,The Other Guys,Adam McKay,64.0
470,American Gangster,Ridley Scott,76.0
471,Marie Antoinette,Sofia Coppola,65.0
472,2012,Roland Emmerich,49.0
473,Harry Potter and the Half-Blood Prince,David Yates,78.0
474,Argo,Ben Affleck,86.0
475,Eddie the Eagle,Dexter Fletcher,54.0
476,The Lives of Others,Florian Henckel von Donnersmarck,89.0
477,Pet,Carles Torrens,48.0
478,Paint It Black,Amber Tamblyn,71.0
479,Macbeth,Justin Kurzel,71.0
480,Forgetting Sarah Marshall,Nicholas Stoller,67.0
481,The Giver,Phillip Noyce,47.0
482,Triple 9,John Hillcoat,52.0
483,Perfetti sconosciuti,Paolo Genovese,43.0
484,Angry Birds,Clay Kaytis,
485,Moonrise Kingdom,Wes Anderson,84.0
486,Hairspray,Adam Shankman,81.0
487,Safe Haven,Lasse Hallström,34.0
488,Focus,Glenn Ficarra,56.0
489,Ratatouille,Brad Bird,96.0
490,Stake Land,Jim Mickle,66.0
491,The Book of Eli,Albert Hughes,53.0
492,Cloverfield,Matt Reeves,64.0
493,Point Break,Ericson Core,34.0
494,Under the Skin,Jonathan Glazer,78.0
495,I Am Legend,Francis Lawrence,65.0
496,Men in Black 3,Barry Sonnenfeld,58.0
497,Super 8,J.J. Abrams,72.0
498,Law Abiding Citizen,F. Gary Gray,34.0
499,Up,Pete Docter,88.0
500,Maze Runner: The Scorch Trials,Wes Ball,43.0
501,Carol,Todd Haynes,95.0
502,Imperium,Daniel Ragussis,68.0
503,Youth,Paolo Sorrentino,64.0
504,Mr. Nobody,Jaco Van Dormael,63.0
505,City of Tiny Lights,Pete Travis,54.0
506,Savages,Oliver Stone,59.0
507,(500) Days of Summer,Marc Webb,76.0
508,Movie 43,Elizabeth Banks,18.0
509,Gravity,Alfonso Cuarón,96.0
510,The Boy in the Striped Pyjamas,Mark Herman,55.0
511,Shooter,Antoine Fuqua,53.0
512,The Happening,M. Night Shyamalan,34.0
513,Bone Tomahawk,S. Craig Zahler,72.0
514,Magic Mike XXL,Gregory Jacobs,60.0
515,Easy A,Will Gluck,72.0
516,Exodus: Gods and Kings,Ridley Scott,52.0
517,Chappie,Neill Blomkamp,41.0
518,The Hobbit: The Desolation of Smaug,Peter Jackson,66.0
519,Half of a Yellow Sun,Biyi Bandele,51.0
520,Anthropoid,Sean Ellis,59.0
521,The Counselor,Ridley Scott,48.0
522,Viking,Andrey Kravchuk,57.0
523,Whiskey Tango Foxtrot,Glenn Ficarra,
524,Trust,David Schwimmer,60.0
525,Birth of the Dragon,George Nolfi,61.0
526,Elysium,Neill Blomkamp,
527,The Green Inferno,Eli Roth,38.0
528,Godzilla,Gareth Edwards,62.0
529,The Bourne Legacy,Tony Gilroy,61.0
530,A Good Year,Ridley Scott,47.0
531,Friend Request,Simon Verhoeven,59.0
532,Deja Vu,Tony Scott,
533,Lucy,Luc Besson,61.0
534,A Quiet Passion,Terence Davies,77.0
535,Need for Speed,Scott Waugh,39.0
536,Jack Reacher,Christopher McQuarrie,50.0
537,The Do-Over,Steven Brill,22.0
538,True Crimes,Alexandros Avranas,43.0
539,American Pastoral,Ewan McGregor,
540,The Ghost Writer,Roman Polanski,77.0
541,Limitless,Neil Burger,59.0
542,Spectral,Nic Mathieu,39.0
543,P.S. I Love You,Richard LaGravenese,
544,Zipper,Mora Stephens,39.0
545,Midnight Special,Jeff Nichols,76.0
546,Don't Think Twice,Mike Birbiglia,83.0
547,Alice in Wonderland,Tim Burton,53.0
548,Chuck,Philippe Falardeau,68.0
549,"I, Daniel Blake",Ken Loach,77.0
550,The Break-Up,Peyton Reed,45.0
551,Loving,Jeff Nichols,79.0
552,Fantastic Four,Josh Trank,27.0
553,The Survivalist,Stephen Fingleton,80.0
554,Colonia,Florian Gallenberger,33.0
555,The Boy Next Door,Rob Cohen,30.0
556,The Gift,Joel Edgerton,77.0
557,Dracula Untold,Gary Shore,40.0
558,In the Heart of the Sea,Ron Howard,47.0
559,Idiocracy,Mike Judge,66.0
560,The Expendables,Sylvester Stallone,45.0
561,Evil Dead,Fede Alvarez,57.0
562,Sinister,Scott Derrickson,53.0
563,Wreck-It Ralph,Rich Moore,72.0
564,Snow White and the Huntsman,Rupert Sanders,57.0
565,Pan,Joe Wright,36.0
566,Transformers: Dark of the Moon,Michael Bay,42.0
567,Juno,Jason Reitman,81.0
568,A Hologram for the King,Tom Tykwer,58.0
569,Money Monster,Jodie Foster,55.0
570,The Other Woman,Nick Cassavetes,39.0
571,Enchanted,Kevin Lima,75.0
572,The Intern,Nancy Meyers,51.0
573,Little Miss Sunshine,Jonathan Dayton,80.0
574,Bleed for This,Ben Younger,62.0
575,Clash of the Titans,Louis Leterrier,39.0
576,The Finest Hours,Craig Gillespie,58.0
577,Tron,Joseph Kosinski,49.0
578,The Hunger Games: Catching Fire,Francis Lawrence,76.0
579,All Good Things,Andrew Jarecki,57.0
580,Kickboxer: Vengeance,John Stockwell,37.0
581,The Last Airbender,M. Night Shyamalan,20.0
582,Sex Tape,Jake Kasdan,36.0
583,What to Expect When You're Expecting,Kirk Jones,41.0
584,Moneyball,Bennett Miller,87.0
585,Ghost Rider,Mark Steven Johnson,35.0
586,Unbroken,Angelina Jolie,59.0
587,Immortals,Tarsem Singh,46.0
588,Sunshine,Danny Boyle,64.0
589,Brave,Mark Andrews,69.0
590,Män som hatar kvinnor,Niels Arden Oplev,76.0
591,Adoration,Anne Fontaine,37.0
592,The Drop,Michaël R. Roskam,69.0
593,She's the Man,Andy Fickman,45.0
594,Daddy's Home,Sean Anders,42.0
595,Let Me In,Matt Reeves,79.0
596,Never Back Down,Jeff Wadlow,39.0
597,Grimsby,Louis Leterrier,44.0
598,Moon,Duncan Jones,67.0
599,Megamind,Tom McGrath,63.0
600,Gangster Squad,Ruben Fleischer,40.0
601,Blood Father,Jean-François Richet,66.0
602,He's Just Not That Into You,Ken Kwapis,47.0
603,Kung Fu Panda 3,Alessandro Carloni,66.0
604,The Rise of the Krays,Zackary Adler,90.0
605,Handsome Devil,John Butler,
606,Winter's Bone,Debra Granik,
607,Horrible Bosses,Seth Gordon,57.0
608,Mommy,Xavier Dolan,74.0
609,Hellboy II: The Golden Army,Guillermo del Toro,78.0
610,Beautiful Creatures,Richard LaGravenese,52.0
611,Toni Erdmann,Maren Ade,93.0
612,The Lovely Bones,Peter Jackson,42.0
613,The Assassination of Jesse James by the Coward Robert Ford,Andrew Dominik,68.0
614,Don Jon,Joseph Gordon-Levitt,66.0
615,Bastille Day,James Watkins,48.0
616,2307: Winter's Dream,Joey Curtis,53.0
617,Free State of Jones,Gary Ross,
618,Mr. Right,Paco Cabezas,52.0
619,The Secret Life of Walter Mitty,Ben Stiller,54.0
620,Dope,Rick Famuyiwa,72.0
621,Underworld Awakening,Måns Mårlind,39.0
622,Antichrist,Lars von Trier,49.0
623,Friday the 13th,Marcus Nispel,34.0
624,Taken 3,Olivier Megaton,26.0
625,Total Recall,Len Wiseman,43.0
626,X-Men: The Last Stand,Brett Ratner,58.0
627,The Escort,Will Slocombe,46.0
628,The Whole Truth,Courtney Hunt,
629,Night at the Museum: Secret of the Tomb,Shawn Levy,47.0
630,Love & Other Drugs,Edward Zwick,55.0
631,The Interview,Evan Goldberg,52.0
632,The Host,Bong Joon Ho,85.0
633,Megan Is Missing,Michael Goi,94.0
634,WALL·E,Andrew Stanton,
635,Knocked Up,Judd Apatow,85.0
636,Source Code,Duncan Jones,74.0
637,Lawless,John Hillcoat,58.0
638,Unfriended,Levan Gabriadze,59.0
639,American Reunion,Jon Hurwitz,49.0
640,The Pursuit of Happyness,Gabriele Muccino,64.0
641,Relatos salvajes,Damián Szifron,77.0
642,The Ridiculous 6,Frank Coraci,18.0
643,Frantz,François Ozon,73.0
644,Viral,Henry Joost,72.0
645,Gran Torino,Clint Eastwood,
646,Burnt,John Wells,42.0
647,Tall Men,Jonathan Holbrook,57.0
648,Sleeping Beauty,Julia Leigh,
649,Vampire Academy,Mark Waters,30.0
650,Sweeney Todd: The Demon Barber of Fleet Street,Tim Burton,83.0
651,Solace,Afonso Poyart,36.0
652,Insidious,James Wan,52.0
653,Popstar: Never Stop Never Stopping,Akiva Schaffer,68.0
654,The Levelling,Hope Dickson Leach,82.0
655,Public Enemies,Michael Mann,70.0
656,Boyhood,Richard Linklater,100.0
657,Teenage Mutant Ninja Turtles,Jonathan Liebesman,31.0
658,Eastern Promises,David Cronenberg,82.0
659,The Daughter,Simon Stone,62.0
660,Pineapple Express,David Gordon Green,64.0
661,The First Time,Jon Kasdan,55.0
662,Gone Baby Gone,Ben Affleck,72.0
663,The Heat,Paul Feig,60.0
664,L'avenir,Mia Hansen-Løve,88.0
665,Anna Karenina,Joe Wright,63.0
666,Regression,Alejandro Amenábar,32.0
667,Ted 2,Seth MacFarlane,48.0
668,Pain & Gain,Michael Bay,45.0
669,Blood Diamond,Edward Zwick,64.0
670,Devil's Knot,Atom Egoyan,42.0
671,Child 44,Daniel Espinosa,41.0
672,The Hurt Locker,Kathryn Bigelow,94.0
673,Green Lantern,Martin Campbell,39.0
674,War on Everyone,John Michael McDonagh,50.0
675,The Mist,Frank Darabont,58.0
676,Escape Plan,Mikael Håfström,49.0
677,"Love, Rosie",Christian Ditter,44.0
678,The DUFF,Ari Sandel,56.0
679,The Age of Shadows,Jee-woon Kim,78.0
680,The Hunger Games: Mockingjay - Part 1,Francis Lawrence,64.0
681,We Need to Talk About Kevin,Lynne Ramsay,68.0
682,Love & Friendship,Whit Stillman,87.0
683,The Mortal Instruments: City of Bones,Harald Zwart,33.0
684,Seven Pounds,Gabriele Muccino,36.0
685,The King's Speech,Tom Hooper,88.0
686,Hunger,Steve McQueen,82.0
687,Jumper,Doug Liman,35.0
688,Toy Story 3,Lee Unkrich,92.0
689,Tinker Tailor Soldier Spy,Tomas Alfredson,85.0
690,Resident Evil: Retribution,Paul W.S. Anderson,39.0
691,Dear Zindagi,Gauri Shinde,56.0
692,Genius,Michael Grandage,
693,Pompeii,Paul W.S. Anderson,39.0
694,Life of Pi,Ang Lee,79.0
695,Hachi: A Dog's Tale,Lasse Hallström,61.0
696,10 Years,Jamie Linden,
697,I Origins,Mike Cahill,57.0
698,Live Free or Die Hard,Len Wiseman,69.0
699,The Matchbreaker,Caleb Vetter,44.0
700,Funny Games,Michael Haneke,
701,Ted,Seth MacFarlane,62.0
702,RED,Robert Schwentke,60.0
703,Australia,Baz Luhrmann,53.0
704,Faster,George Tillman Jr.,44.0
705,The Neighbor,Marcus Dunstan,60.0
706,The Adjustment Bureau,George Nolfi,
707,The Hollars,John Krasinski,53.0
708,The Judge,David Dobkin,48.0
709,Closed Circuit,John Crowley,50.0
710,Transformers: Revenge of the Fallen,Michael Bay,35.0
711,La tortue rouge,Michael Dudok de Wit,86.0
712,The Book of Life,Jorge R. Gutiérrez,67.0
713,Incendies,Denis Villeneuve,80.0
714,The Heartbreak Kid,Bobby Farrelly,46.0
715,Happy Feet,George Miller,77.0
716,Entourage,Doug Ellin,38.0
717,The Strangers,Bryan Bertino,47.0
718,Noah,Darren Aronofsky,68.0
719,Neighbors,Nicholas Stoller,68.0
720,Nymphomaniac: Vol. II,Lars von Trier,60.0
721,Wild,Jean-Marc Vallée,76.0
722,Grown Ups,Dennis Dugan,30.0
723,Blair Witch,Adam Wingard,47.0
724,The Karate Kid,Harald Zwart,61.0
725,Dark Shadows,Tim Burton,55.0
726,Friends with Benefits,Will Gluck,63.0
727,The Illusionist,Neil Burger,68.0
728,The A-Team,Joe Carnahan,47.0
729,The Guest,Adam Wingard,76.0
730,The Internship,Shawn Levy,42.0
731,Paul,Greg Mottola,57.0
732,This Beautiful Fantastic,Simon Aboud,51.0
733,The Da Vinci Code,Ron Howard,46.0
734,Mr. Church,Bruce Beresford,37.0
735,Hugo,Martin Scorsese,83.0
736,The Blackcoat's Daughter,Oz Perkins,68.0
737,Body of Lies,Ridley Scott,57.0
738,Knight of Cups,Terrence Malick,53.0
739,The Mummy: Tomb of the Dragon Emperor,Rob Cohen,31.0
740,The Boss,Ben Falcone,40.0
741,Hands of Stone,Jonathan Jakubowicz,54.0
742,El secreto de sus ojos,Juan José Campanella,80.0
743,True Grit,Ethan Coen,80.0
744,We Are Your Friends,Max Joseph,46.0
745,A Million Ways to Die in the West,Seth MacFarlane,44.0
746,Only for One Night,Chris Stokes,60.0
747,Rules Don't Apply,Warren Beatty,
748,Ouija: Origin of Evil,Mike Flanagan,65.0
749,Percy Jackson: Sea of Monsters,Thor Freudenthal,39.0
750,Fracture,Gregory Hoblit,68.0
751,Oculus,Mike Flanagan,61.0
752,In Bruges,Martin McDonagh,67.0
753,This Means War,McG,31.0
754,Lída Baarová,Filip Renc,64.0
755,The Road,John Hillcoat,
756,Lavender,Ed Gass-Donnelly,46.0
757,Deuces,Jamal Hill,36.0
758,Conan the Barbarian,Marcus Nispel,
759,The Fighter,David O. Russell,79.0
760,August Rush,Kirsten Sheridan,38.0
761,Chef,Jon Favreau,68.0
762,Eye in the Sky,Gavin Hood,73.0
763,Eagle Eye,D.J. Caruso,43.0
764,The Purge,James DeMonaco,41.0
765,PK,Rajkumar Hirani,51.0
766,Ender's Game,Gavin Hood,
767,Indiana Jones and the Kingdom of the Crystal Skull,Steven Spielberg,65.0
768,Paper Towns,Jake Schreier,56.0
769,High-Rise,Ben Wheatley,65.0
770,Quantum of Solace,Marc Forster,58.0
771,The Assignment,Walter Hill,34.0
772,How to Train Your Dragon,Dean DeBlois,74.0
773,Lady in the Water,M. Night Shyamalan,36.0
774,The Fountain,Darren Aronofsky,51.0
775,Cars 2,John Lasseter,57.0
776,31,Rob Zombie,35.0
777,Final Girl,Tyler Shields,56.0
778,Chalk It Up,Hisonni Johnson,
779,The Man Who Knew Infinity,Matt Brown,
780,Unknown,Jaume Collet-Serra,56.0
781,Self/less,Tarsem Singh,34.0
782,Mr. Brooks,Bruce A. Evans,45.0
783,Tramps,Adam Leon,77.0
784,Before We Go,Chris Evans,31.0
785,Captain Phillips,Paul Greengrass,83.0
786,The Secret Scripture,Jim Sheridan,37.0
787,Max Steel,Stewart Hendler,22.0
788,Hotel Transylvania 2,Genndy Tartakovsky,44.0
789,Hancock,Peter Berg,49.0
790,Sisters,Jason Moore,58.0
791,The Family,Luc Besson,42.0
792,Zack and Miri Make a Porno,Kevin Smith,56.0
793,Ma vie de Courgette,Claude Barras,85.0
794,Man on a Ledge,Asger Leth,40.0
795,No Strings Attached,Ivan Reitman,50.0
796,Rescue Dawn,Werner Herzog,77.0
797,Despicable Me 2,Pierre Coffin,62.0
798,A Walk Among the Tombstones,Scott Frank,57.0
799,The World's End,Edgar Wright,81.0
800,Yoga Hosers,Kevin Smith,23.0
801,Seven Psychopaths,Martin McDonagh,66.0
802,Beowulf,Robert Zemeckis,59.0
803,Jack Ryan: Shadow Recruit,Kenneth Branagh,57.0
804,1408,Mikael Håfström,64.0
805,The Gambler,Rupert Wyatt,55.0
806,Prince of Persia: The Sands of Time,Mike Newell,50.0
807,The Spectacular Now,James Ponsoldt,82.0
808,A United Kingdom,Amma Asante,65.0
809,USS Indianapolis: Men of Courage,Mario Van Peebles,30.0
810,Turbo Kid,François Simard,60.0
811,Mama,Andrés Muschietti,57.0
812,Orphan,Jaume Collet-Serra,42.0
813,To Rome with Love,Woody Allen,54.0
814,Fantastic Mr. Fox,Wes Anderson,83.0
815,Inside Man,Spike Lee,76.0
816,I.T.,John Moore,27.0
817,127 Hours,Danny Boyle,82.0
818,Annabelle,John R. Leonetti,37.0
819,Wolves at the Door,John R. Leonetti,63.0
820,Suite Française,Saul Dibb,
821,The Imaginarium of Doctor Parnassus,Terry Gilliam,65.0
822,G.I. Joe: The Rise of Cobra,Stephen Sommers,32.0
823,Christine,Antonio Campos,72.0
824,Man Down,Dito Montiel,27.0
825,Crawlspace,Phil Claydon,25.0
826,Shut In,Farren Blackburn,
827,The Warriors Gate,Matthias Hoene,77.0
828,Grindhouse,Robert Rodriguez,
829,Disaster Movie,Jason Friedberg,15.0
830,Rocky Balboa,Sylvester Stallone,63.0
831,Diary of a Wimpy Kid: Dog Days,David Bowers,54.0
832,Jane Eyre,Cary Joji Fukunaga,76.0
833,Fool's Gold,Andy Tennant,29.0
834,The Dictator,Larry Charles,58.0
835,The Loft,Erik Van Looy,24.0
836,Bacalaureat,Cristian Mungiu,84.0
837,You Don't Mess with the Zohan,Dennis Dugan,54.0
838,Exposed,Gee Malik Linton,23.0
839,Maudie,Aisling Walsh,60.0
840,Horrible Bosses 2,Sean Anders,40.0
841,A Bigger Splash,Luca Guadagnino,74.0
842,Melancholia,Lars von Trier,80.0
843,The Princess and the Frog,Ron Clements,73.0
844,Unstoppable,Tony Scott,69.0
845,Flight,Robert Zemeckis,76.0
846,Home,Tim Johnson,55.0
847,La migliore offerta,Giuseppe Tornatore,49.0
848,Mean Dreams,Nathan Morlando,64.0
849,42,Brian Helgeland,62.0
850,21,Robert Luketic,48.0
851,Begin Again,John Carney,62.0
852,Out of the Furnace,Scott Cooper,63.0
853,Vicky Cristina Barcelona,Woody Allen,70.0
854,Kung Fu Panda,Mark Osborne,73.0
855,Barbershop: The Next Cut,Malcolm D. Lee,67.0
856,Terminator Salvation,McG,49.0
857,Freedom Writers,Richard LaGravenese,64.0
858,The Hills Have Eyes,Alexandre Aja,52.0
859,Changeling,Clint Eastwood,63.0
860,Remember Me,Allen Coulter,40.0
861,Koe no katachi,Naoko Yamada,80.0
862,"Alexander and the Terrible, Horrible, No Good, Very Bad Day",Miguel Arteta,54.0
863,Locke,Steven Knight,81.0
864,The 9th Life of Louis Drax,Alexandre Aja,41.0
865,Horns,Alexandre Aja,46.0
866,Indignation,James Schamus,78.0
867,The Stanford Prison Experiment,Kyle Patrick Alvarez,67.0
868,Diary of a Wimpy Kid: Rodrick Rules,David Bowers,51.0
869,Mission: Impossible III,J.J. Abrams,66.0
870,En man som heter Ove,Hannes Holm,70.0
871,Dragonball Evolution,James Wong,45.0
872,Red Dawn,Dan Bradley,31.0
873,One Day,Lone Scherfig,48.0
874,Life as We Know It,Greg Berlanti,39.0
875,28 Weeks Later,Juan Carlos Fresnadillo,78.0
876,Warm Bodies,Jonathan Levine,59.0
877,Blue Jasmine,Woody Allen,78.0
878,G.I. Joe: Retaliation,Jon M. Chu,41.0
879,Wrath of the Titans,Jonathan Liebesman,37.0
880,Shin Gojira,Hideaki Anno,68.0
881,Saving Mr. Banks,John Lee Hancock,65.0
882,Transcendence,Wally Pfister,42.0
883,Rio,Carlos Saldanha,63.0
884,Equals,Drake Doremus,43.0
885,Babel,Alejandro González Iñárritu,69.0
886,The Tree of Life,Terrence Malick,85.0
887,The Lucky One,Scott Hicks,39.0
888,Piranha 3D,Alexandre Aja,53.0
889,50/50,Jonathan Levine,72.0
890,The Intent,Femi Oyeniran,59.0
891,This Is 40,Judd Apatow,
892,Real Steel,Shawn Levy,56.0
893,Sex and the City,Michael Patrick King,53.0
894,Rambo,Sylvester Stallone,46.0
895,Planet Terror,Robert Rodriguez,55.0
896,Concussion,Peter Landesman,
897,The Fall,Tarsem Singh,64.0
898,The Ugly Truth,Robert Luketic,28.0
899,Bride Wars,Gary Winick,24.0
900,Sleeping with Other People,Leslye Headland,64.0
901,Snakes on a Plane,David R. Ellis,58.0
902,What If,Michael Dowse,59.0
903,How to Train Your Dragon 2,Dean DeBlois,76.0
904,RoboCop,José Padilha,52.0
905,In Dubious Battle,James Franco,43.0
906,"Hello, My Name Is Doris",Michael Showalter,63.0
907,Ocean's Thirteen,Steven Soderbergh,62.0
908,Slither,James Gunn,69.0
909,Contagion,Steven Soderbergh,70.0
910,Il racconto dei racconti - Tale of Tales,Matteo Garrone,72.0
911,I Am the Pretty Thing That Lives in the House,Oz Perkins,68.0
912,Bridge to Terabithia,Gabor Csupo,74.0
913,Coherence,James Ward Byrkit,65.0
914,Notorious,George Tillman Jr.,60.0
915,Goksung,Hong-jin Na,81.0
916,The Expendables 2,Simon West,51.0
917,The Girl Next Door,Gregory Wilson,29.0
918,Perfume: The Story of a Murderer,Tom Tykwer,56.0
919,The Golden Compass,Chris Weitz,51.0
920,Centurion,Neil Marshall,62.0
921,Scouts Guide to the Zombie Apocalypse,Christopher Landon,32.0
922,17 Again,Burr Steers,48.0
923,No Escape,John Erick Dowdle,38.0
924,Superman Returns,Bryan Singer,72.0
925,The Twilight Saga: Breaking Dawn - Part 1,Bill Condon,45.0
926,Precious,Lee Daniels,79.0
927,The Sea of Trees,Gus Van Sant,23.0
928,Good Kids,Chris McCoy,86.0
929,The Master,Paul Thomas Anderson,
930,Footloose,Craig Brewer,58.0
931,If I Stay,R.J. Cutler,46.0
932,The Ticket,Ido Fluk,52.0
933,Detour,Christopher Smith,46.0
934,The Love Witch,Anna Biller,82.0
935,Talladega Nights: The Ballad of Ricky Bobby,Adam McKay,66.0
936,The Human Centipede (First Sequence),Tom Six,33.0
937,Super,James Gunn,50.0
938,The Siege of Jadotville,Richie Smyth,83.0
939,Up in the Air,Jason Reitman,
940,The Midnight Meat Train,Ryûhei Kitamura,58.0
941,The Twilight Saga: Eclipse,David Slade,58.0
942,Transpecos,Greg Kwedar,73.0
943,What's Your Number?,Mark Mylod,35.0
944,Riddick,David Twohy,49.0
945,Triangle,Christopher Smith,66.0
946,The Butler,Lee Daniels,
947,King Cobra,Justin Kelly,48.0
948,After Earth,M. Night Shyamalan,33.0
949,Kicks,Justin Tipping,69.0
950,Me and Earl and the Dying Girl,Alfonso Gomez-Rejon,74.0
951,The Descendants,Alexander Payne,84.0
952,Sex and the City 2,Michael Patrick King,27.0
953,The Kings of Summer,Jordan Vogt-Roberts,61.0
954,Death Race,Paul W.S. Anderson,43.0
955,That Awkward Moment,Tom Gormican,36.0
956,Legion,Scott Stewart,32.0
957,End of Watch,David Ayer,68.0
958,3 Days to Kill,McG,40.0
959,Lucky Number Slevin,Paul McGuigan,53.0
960,Trance,Danny Boyle,61.0
961,Into the Forest,Patricia Rozema,59.0
962,The Other Boleyn Girl,Justin Chadwick,50.0
963,I Spit on Your Grave,Steven R. Monroe,27.0
964,Custody,James Lapine,72.0
965,Inland Empire,David Lynch,
966,L'odyssée,Jérôme Salle,70.0
967,The Walk,Robert Zemeckis,
968,Wrecker,Micheal Bafaro,37.0
969,The Lone Ranger,Gore Verbinski,
970,Texas Chainsaw 3D,John Luessenhop,62.0
971,Disturbia,D.J. Caruso,
972,Rock of Ages,Adam Shankman,47.0
973,Scream 4,Wes Craven,52.0
974,Queen of Katwe,Mira Nair,73.0
975,My Big Fat Greek Wedding 2,Kirk Jones,37.0
976,Dark Places,Gilles Paquet-Brenner,39.0
977,Amateur Night,Lisa Addario,38.0
978,It's Only the End of the World,Xavier Dolan,48.0
979,The Skin I Live In,Pedro Almodóvar,70.0
980,Miracles from Heaven,Patricia Riggen,44.0
981,Annie,Will Gluck,33.0
982,Across the Universe,Julie Taymor,56.0
983,Let's Be Cops,Luke Greenfield,30.0
984,Max,Boaz Yakin,47.0
985,Your Highness,David Gordon Green,31.0
986,Final Destination 5,Steven Quale,50.0
987,Endless Love,Shana Feste,30.0
988,Martyrs,Pascal Laugier,89.0
989,Selma,Ava DuVernay,
990,Underworld: Rise of the Lycans,Patrick Tatopoulos,44.0
991,Taare Zameen Par,Aamir Khan,42.0
992,Take Me Home Tonight,Michael Dowse,
993,Resident Evil: Afterlife,Paul W.S. Anderson,37.0
994,Project X,Nima Nourizadeh,48.0
995,Secret in Their Eyes,Billy Ray,45.0
996,Hostel: Part II,Eli Roth,46.0
997,Step Up 2: The Streets,Jon M. Chu,50.0
998,Search Party,Scot Armstrong,22.0
999,Nine Lives,Barry Sonnenfeld,11.0
